,left_knee_flexion_mean,left_knee_flexion_min,left_knee_flexion_max,right_knee_flexion_mean,right_knee_flexion_min,right_knee_flexion_max,left_hip_abduction_mean,left_hip_abduction_min,left_hip_abduction_max,right_hip_abduction_mean,right_hip_abduction_min,right_hip_abduction_max,left_elbow_flexion_mean,left_elbow_flexion_min,left_elbow_flexion_max,right_elbow_flexion_mean,right_elbow_flexion_min,right_elbow_flexion_max,left_arm_abduction_mean,left_arm_abduction_min,left_arm_abduction_max,right_arm_abduction_mean,right_arm_abduction_min,right_arm_abduction_max,spine_arc_mean,spine_arc_min,spine_arc_max,left_knee_varus_mean,left_knee_varus_min,left_knee_varus_max,right_knee_varus_mean,right_knee_varus_min,right_knee_varus_max,pelvis_flexion_mean,pelvis_flexion_min,pelvis_flexion_max,head_angle_new_mean,head_angle_new_min,head_angle_new_max,shoulder_angle_new_mean,shoulder_angle_new_min,shoulder_angle_new_max
0,50.89295173333317,43.35960290270601,55.22346744773615,53.68251141488037,50.10097690734461,60.37371653509785,7.967580942699847,7.002318959677791,9.633306738165713,7.533281679213924,6.522160115046524,9.011677635055255,128.40877980182455,115.18383049429241,135.0161323751141,135.34604276988821,122.72929750693993,142.5733148496787,31.60559326296999,26.515382922051376,35.068366022652626,33.789751091753544,30.676637753801735,35.63991622457758,160.7494525858112,159.38008004790146,162.20124591044484,8.369626246406249,4.0280794548045735,11.774778220671413,11.707734418086003,2.758287103206623,27.011502429351545,7.83779483174324,7.333998660905091,8.359967900821271,0.38738902254978924,-3.5350125650877873,4.025705520947497,-0.35316737696603245,-1.17863194066647,0.4491305557805281
1,49.87121342004689,42.271794791904526,54.09660840288096,52.505029465098005,48.85407169416132,59.075745083115244,8.076932423706264,7.127449766715568,9.743445989737241,7.639635482966867,6.641611130448936,9.121623423454908,128.7329710129733,115.60826030844738,135.43625091421595,135.5999806919931,122.88516142447554,142.74752557130108,31.072318253000606,26.05369324689398,34.32251708044761,33.32643868040104,30.22608084048513,35.1157024071447,160.63025849524564,159.26868521384077,162.03809811666378,8.93423701787907,4.787384066409754,12.328394225474606,12.091786611604016,2.6322492353733162,28.062801066742495,7.900766215194683,7.415252569490619,8.42064735861759,0.2962550826683085,-3.6548726117319856,3.928385206058596,-0.35908640581649404,-1.196349099329671,0.4495178557601418
2,48.849475106760636,41.18398668110306,52.96974935802579,51.327547515315636,47.60716648097804,57.77777363113267,8.186283904712681,7.252580573753347,9.853585241308771,7.745989286719814,6.761062145851351,9.231569211854566,129.05716222412212,116.03269012260242,135.85636945331785,135.853918614098,123.04102534201121,142.92173629292347,30.53904324303123,25.592003571736594,33.5766681382426,32.863126269048536,29.77552392716855,34.591488589711844,160.51106440468013,159.15729037978008,161.87495032288274,9.498847789351895,5.546688678014933,12.8820102302778,12.475838805122027,2.5062113675400104,29.114099704133448,7.963737598646128,7.4965064780761494,8.481326816413908,0.20512114278682797,-3.7747326583761853,3.8310648911696967,-0.3650054346669557,-1.2140662579928723,0.4499051557397554
3,48.075331796789484,40.289907752923554,52.17288267181309,50.44830006381767,46.64897479174719,56.753217824270365,8.273162747372023,7.358239356877894,9.931663564586943,7.831633391681237,6.860632420970029,9.315966753085334,129.41583070364453,116.71655837005116,136.19875487431784,136.07444155860202,123.25006364839635,143.04404349313347,30.015270567141876,25.195763128679467,32.97380047667484,32.45128662368579,29.377895744238863,34.231734519396475,160.36091913937503,159.04568575012095,161.62238029365164,9.853272055194157,6.26777191959975,13.05226650552593,12.68298360899297,2.4289710717146247,29.936622579124972,8.039420543934991,7.613543551555309,8.54339742519369,0.08495392547019721,-3.9071840845256824,3.6611364061909137,-0.36464699992672406,-1.226380843690856,0.43957951555476593
4,47.59035824659834,39.68336307798806,51.699964160949435,49.92246280233944,46.13099546325233,56.011489753624616,8.32847582434007,7.4451317100855245,9.959576672159764,7.887605896741581,6.939230951497011,9.356827574439468,129.71921943899787,117.47155166041806,136.44731748506769,136.17590059132044,123.28911435494905,143.076449389076,29.577193549945918,24.947080666444066,32.484784894459665,32.166675748708016,29.09926568585778,34.01235051924152,160.18439943933635,158.94292762354755,161.3022777356324,10.014501872503592,7.0744439014258855,12.915611552807963,12.674835806669234,2.370755755683244,30.4620858198772,8.125588926335757,7.757390570020679,8.60210345319417,-0.0558317937803217,-4.046468602719239,3.4415428167967486,-0.3650301366005218,-1.234148162290115,0.4146200864082179
5,47.49312598191604,39.39674386066882,51.634588204808374,49.805044484393406,46.086788382868434,55.561402426612986,8.350085246805254,7.5032590370645815,9.940818555493358,7.91368269082578,6.993013560558747,9.35997461358239,129.9521641004141,118.28050216806864,136.59061620829544,136.13564691625032,123.13511996954765,142.9910713828987,29.25358809176413,24.85169238853186,32.16343977958516,32.06167009829242,28.962583966802747,33.99805711099029,159.96142057965875,158.8479149202127,160.88780240914937,10.050296265359732,7.625124564623644,12.454431621835724,12.561413153637162,2.360407144253574,30.596779493519264,8.2309390306066,7.910196539151148,8.657988934634458,-0.22638159654601955,-4.201425284035237,3.142932203892447,-0.36653514979582763,-1.2297692105200086,0.36910467509770084
6,47.56820046169919,39.19385528615173,51.87348142384129,49.957069930360376,46.21220584276601,55.51357643056054,8.352168151590844,7.531777275082643,9.902649882623486,7.919205351018726,7.036202596583415,9.342390196392364,130.1647998134072,119.31086050026329,136.5915671834127,136.07383133817194,123.09244457920816,142.82429478202693,28.97661515522097,24.872282698956305,31.97905846831559,32.051426623045835,28.9298148359198,34.087333283318166,159.73175887417364,158.76171856396783,160.5113870879419,10.13586100907743,8.13381381153929,12.1333154791152,12.388001129296898,2.5538425960688738,30.49899336818246,8.338545006836057,8.046096718847544,8.711101852338828,-0.39959497174171105,-4.305277530521796,2.7793697029544346,-0.3695704279091968,-1.221998459046681,0.31650054975535014
7,47.779387635313014,39.20590734372553,52.260533467852504,50.24535227050655,46.57798755807629,55.59299144574656,8.341639941607994,7.534857528692617,9.85693651242446,7.9120810474456365,7.061576750962102,9.317964206996045,130.3511788590527,120.38629944506292,136.4511256323293,136.05960023408818,123.2416388092619,142.64875887618203,28.738539420325793,25.007682657032834,31.942984897333304,32.08534507325054,29.012615812195527,34.196367764479426,159.5027625898664,158.68515626136508,160.18658883806108,9.971783714495656,8.195583833556917,11.753519682672607,12.377978714418195,2.879288681745491,30.4044189810546,8.444498077655785,8.159250267875683,8.758783549670454,-0.5524987934617205,-4.342392712781935,2.4015656721662357,-0.3658753217955671,-1.2057733579107814,0.27399457959953694
8,47.897163365173014,39.208839548211365,52.51332688880798,50.44191547015843,46.95416462114383,55.719484437387436,8.324750053960184,7.519770904658441,9.80700689109917,7.896929508843707,7.089407079012961,9.280690629878688,130.33714079946617,120.93176154220569,136.27291060050584,135.9893805500296,123.20470443690337,142.5046659252892,28.620587846568878,25.20590204673431,31.836421968571806,32.17847842660455,29.160839834174496,34.212351071627616,159.3429586561939,158.6217593475031,159.97230551485455,9.922774170935991,8.21202454754334,11.484696707970997,12.48180471472547,3.0975764116109965,30.224247956052,8.520375317970437,8.226611819564457,8.797882103987432,-0.6395136457635617,-4.306794728009834,2.136842865270313,-0.36696373149191497,-1.1858855082676283,0.23706051413382417
9,48.02650378937827,39.221832714325,52.8311520212741,50.59244327518662,47.17966423329141,56.04478133195566,8.312229246312192,7.4986753447461645,9.788463272263273,7.885881367744135,7.0970824662615435,9.265426162636361,130.26348415704888,121.26218616715364,136.00218432805335,135.9459409719261,123.29174841001083,142.35690154863696,28.52494274997906,25.324702926308262,31.752226964291637,32.24795941193612,29.280623136983163,34.22504747192443,159.2258113751228,158.54946632945678,159.83610455469807,9.797560557873611,8.198605162301217,11.08263867088384,12.742229376016883,3.434799845846743,29.958922376260162,8.576679205368773,8.260387430638797,8.838044973633364,-0.7012758114929085,-4.262506176562778,1.9211088261812286,-0.3659874176701641,-1.1545018842278296,0.20706963068203627
10,48.03273524975108,39.216536082958854,53.10912465900637,50.621023982522004,47.16336184151798,56.52511020804225,8.296824548419565,7.481468408511304,9.775755717663694,7.869756800035653,7.082212390787934,9.246431108400586,130.17679652757843,121.4626361946435,135.67379977883536,135.9590458409035,123.53622885151802,142.28812254199812,28.42615365353582,25.386478397607902,31.629692762655218,32.240000986952204,29.369130130453563,34.17210852199533,159.1784872139666,158.45715070823582,159.80128638244705,9.413350676132916,7.934962243787009,10.680112188644035,12.92839968343651,3.917238699384354,29.813903661953972,8.601995230179092,8.280093599246781,8.884791484070687,-0.7244453307731321,-4.198498769830379,1.7994144079107137,-0.36003810652947316,-1.121542687958943,0.19583156022901055
11,48.07852655998076,39.28507851308391,53.43373114997411,50.614397488080215,47.16777450527909,56.93048168273151,8.273047925882848,7.461163236663641,9.754267484985714,7.848258834753731,7.04386473268922,9.222347536721665,129.9789735007369,121.19526635990917,135.33262562407012,135.82809963822507,123.4493548509696,142.20675492157196,28.43795161800103,25.401733926606873,31.58456599707203,32.26178090991941,29.43472436588635,34.16251017944948,159.17051291136812,158.3573991925464,159.77970963237138,8.711407888844526,7.273434169131034,9.967607616148157,13.157851837649776,4.296316728462538,29.62259868662042,8.610155263944362,8.303834623635083,8.933104298719984,-0.7354431679742811,-4.182134792144088,1.7473876659478909,-0.35101541842630135,-1.077709533126132,0.18757012853243205
12,48.314912939436645,39.59635158564121,53.85005380508879,50.75451881576839,47.22829995152155,57.453121271499114,8.238031987301632,7.427347307425716,9.712942148767777,7.81752583975744,6.98995841819819,9.17799993161918,129.69460132080326,120.60943888560573,135.05555075647987,135.5819648636638,123.12470858131324,142.0755179672012,28.604369909468332,25.411637610460897,31.606289417047172,32.36356820862922,29.503000934320596,34.19864887679193,159.23553228635652,158.2937480372339,159.84093452681583,8.10249158014425,6.626040504003162,9.308589364242017,13.057862477145203,4.347066917467782,29.096067729254003,8.581120966437414,8.289289729707361,8.95875358043153,-0.7224395908944184,-4.186364630624043,1.7926097846363334,-0.3427165301200995,-1.0287850368863787,0.17834389537177392
13,48.82591104874868,40.114758471401586,54.516202125495724,51.05754299604652,47.223319625660125,58.07100721003452,8.206237314097041,7.396890519891837,9.690349190094759,7.792858170442248,6.925217460468504,9.155175448444474,129.5515526923306,120.42997363660818,134.75184842524038,135.27788424990143,122.8870021428718,141.7834371876412,28.809818953093327,25.459650523458013,31.776126942143897,32.568241385243226,29.614510003391025,34.37910268100569,159.28574112007317,158.26352888983368,159.912420324106,7.532905935170497,6.12698322857621,8.826700705145797,12.80131336817815,4.28925431041946,28.49184617188173,8.553028484295144,8.251195074230182,8.964815553947524,-0.7311633886144152,-4.2374493434443234,1.8153939686431482,-0.34046494963474716,-0.9718230870831096,0.17386376149632732
14,49.48146617808372,40.806487686952245,55.13236338656747,51.41217254596417,47.340637479549784,58.40414943070675,8.169394517476555,7.365315252528953,9.640668151370676,7.766363546661292,6.878842166962606,9.11484311070932,129.45632899479241,120.40977891637257,134.58968205034094,134.9356219083854,122.64655027394141,141.40628804720905,29.102737830787472,25.658394662486433,31.99308943791355,32.874961374463375,29.81754621582089,34.681628864699796,159.33386409245747,158.27662252361915,160.00347081930644,7.036842768932598,5.618620244369193,8.32945174496297,12.32332123606378,3.9820180109837486,27.77942744388397,8.52245536549888,8.20288161874835,8.947976556258846,-0.7161551061019866,-4.2554048708591425,1.8669523493306845,-0.33718424941758074,-0.9141940094742332,0.17174024732457843
15,50.205647492280306,41.65451082518269,55.54237882207686,51.73840233112497,47.53667446345189,58.44377959336882,8.16384957896613,7.3699936322294075,9.61537755266857,7.770966503134072,6.898057147433457,9.098715447079812,129.36254152491506,120.4540801602962,134.5365156420622,134.573718042594,122.43704919002387,141.0470161432114,29.475695498112053,26.03742527520739,32.21869839498254,33.251524265466,30.132276315690174,35.04440898250524,159.37740294525412,158.35503257572358,160.10435909987117,6.876038093415515,5.628828454404324,8.096289454059335,11.802090177554863,3.490723339207289,26.89179490304602,8.49052266021567,8.14995520622468,8.897049234561758,-0.6737939017768917,-4.227682075715126,1.9464761871304452,-0.33836135133322703,-0.8604147671633913,0.16662970124968107
16,50.91625868622749,42.617810789221416,55.80221748929153,51.98352179638687,47.614269952604,58.341100637048314,8.194202246088388,7.407868504224789,9.62692421857305,7.808259466100798,6.9674354145995565,9.114319328675261,129.31765480270565,120.6914496107127,134.58165550039138,134.31404606073664,122.46011025962619,140.79284151288707,29.870299672340586,26.569246094317442,32.418170251768444,33.63046701351119,30.521110303341256,35.3979375375187,159.44014865896034,158.474238348227,160.21460829107005,7.020666512733486,6.051856953601648,8.043845069153319,11.096160773185055,2.8285808699431434,26.075520868598986,8.44719798411245,8.081694257649586,8.823821149358869,-0.6106209382098939,-4.140401584490181,2.055618841067622,-0.3428996847917566,-0.8168348908207093,0.16274988364273563
17,51.145194567566314,43.13234054731683,55.63856961397593,51.707776889219005,47.19461801633323,57.73263685871035,8.270204141530877,7.489218120212969,9.67768259911817,7.88707446223241,7.1061211827583115,9.164242501218425,129.3532336133691,121.25222467055647,134.69431267307908,134.156859500324,122.75925750174014,140.67428191115783,30.104497664399602,27.222252432518545,32.484546928915606,33.85488114716363,30.8959404251946,35.533352794100324,159.45066404743673,158.5581497223592,160.27909747052746,7.3607067354269375,6.67234705891776,8.204710424505159,10.73304558979526,2.4051512547714653,25.876432549857626,8.434873535493812,8.041413177542514,8.773018327582184,-0.5570138117720608,-4.074098623147732,2.1311122268334417,-0.3499641775807323,-0.7883121560303122,0.16075645110448283
18,51.02643928742688,43.35680582588201,55.14496112602501,51.16927245858074,46.69558601019618,56.797946608454296,8.359105262690598,7.5846491474287525,9.727197058276156,7.976025454325091,7.259524424674911,9.213957411623188,129.25605850357772,121.41927889600474,134.86685667013916,134.07498682369385,123.03328725723344,140.7123825457681,30.370443712011173,28.015452142972386,32.5098469573544,33.96428836586335,31.309148666103997,35.50611495067544,159.46151485225832,158.60474942703803,160.2995103831734,7.6585690649024905,6.915193536246305,8.504626923213209,,,,8.430745878676763,8.044182703662209,8.7458782626179,-0.5126800414458363,-4.024126758135019,2.2028200592259086,-0.34080109084952726,-0.7750008439284284,0.15405648275357925
19,50.590743393930936,43.146285993010906,54.51632648475618,50.49499664269851,45.98100853068411,55.97075592616554,8.453181744741592,7.6588143374208,9.780711280864853,8.064878344065615,7.390381729213264,9.260604716084398,129.18921028154074,121.6930143095389,134.9557426346484,134.05510204312125,123.38400412700085,140.80510018745272,30.584065251947724,28.538781403892607,32.53982840912017,34.01288833392463,31.81079455704503,35.39076846342613,159.44044409949902,158.60145428408953,160.2881294926072,8.237581549779598,7.208200609942609,9.562734804079556,,,,8.447705084704104,8.069174878389575,8.748418638156958,,-4.035252960187094,2.243013805011444,-0.31381964815283897,-0.7679160533862586,0.15714326847715887
20,49.98742949615969,42.57145952778019,53.91733013300022,49.86070329881585,45.30541704739727,55.32247081462698,8.522087569682038,7.689262921030056,9.808534939683343,8.126527634009,7.4705566193510204,9.283476784217788,129.0620515642369,121.80123108432048,134.98304177754915,134.03786744291716,123.64045720263171,140.8191363426029,30.75324584225777,28.891952626017336,32.5718144209179,33.99920916607041,32.23172200092673,35.21715714025896,159.43053982335124,158.5559016076271,160.29686944857974,8.82432531398472,7.322220191394038,11.029622754156403,,,,8.465536554608864,8.090108152605664,8.777047622949688,,-4.137847566181875,2.247219324097014,-0.26845337028785804,-0.7574390498721078,0.16500648632206327
21,49.20773189760925,41.749962248526124,53.27076357046215,49.29247758800446,44.8908750327541,54.69798014989918,8.553242833381203,7.681288154573128,9.78890847344493,8.148156831981098,7.498874786012528,9.25648902230235,128.875440649601,121.79321074205507,134.91899341009486,134.01967639898635,123.83662770343115,140.68873363991892,30.894020087107045,29.0968970591044,32.57569186774473,33.98129154781289,32.679000527620836,35.011040276680355,159.399976621063,158.48349941132102,160.2725500468835,9.479430295843647,7.3618409067683785,12.778584331655043,,,,8.497014074660695,8.129991861939356,8.821704132917805,,-4.306477436908578,2.2143161213907097,-0.20837620883576052,-0.7441512888170656,0.19567691476445137
22,48.680548088065464,41.05728343561313,52.87128885052177,49.14319327437748,45.10121357009794,54.44155373891479,8.558603268339779,7.647124266063462,9.754182764010995,8.143327827472149,7.472328489428759,9.217507885901426,128.49824206169535,121.40563310267414,134.61129150416295,133.85812486010872,123.70243830425053,140.2910272133434,31.23916777392283,29.242743456381216,32.90324133346975,34.1847985780123,33.1271702795071,35.11189883495623,159.38995051405038,158.4211952445514,160.2326463853281,9.817286204285454,7.172835917842056,14.081263186525923,,,,8.520149248321443,8.17751613691074,8.86336558973539,,-4.476058050903758,2.128155752529748,-0.13936669394599577,-0.7263779084147246,0.2495574795398375
23,48.280827305889936,40.53349301392044,52.614400532268576,49.29077482450915,45.65932756579906,54.38889605482147,8.550631062373867,7.610528077134164,9.713474518741757,8.121704059466788,7.435465065257736,9.166708625533685,128.05653021263956,121.18058679032222,133.91625961997963,133.52899455175753,123.4892016091479,139.54689092044646,31.658051785455136,29.20122777000426,33.55559732768805,34.54644012185141,33.502294533198324,35.62256456756335,159.37762415923777,158.3705604838038,160.24882353624878,10.019893100137665,6.971005653130135,14.844065461184393,,,,8.543929044911948,8.20175296586689,8.900201163961892,,-4.625556808142778,1.9820792143357857,-0.09240775725121506,-0.7080489441789337,0.287776185327858
24,48.19757585901935,40.733071184613365,52.34208282831065,49.71467336219176,46.37609227491226,54.436131343655035,8.539898333641599,7.599447127698516,9.68147296621481,8.098543489223722,7.420101651700408,9.128152364802633,127.38757834092381,120.57592669075552,132.77655654476567,132.98574125560532,122.9989759918646,138.87249596327285,32.34459997795347,29.5223926835925,34.612032475870585,35.08788948446671,33.7711277785352,36.53174455761073,159.4207041284447,158.37443822172486,160.2887691125202,9.659722327366362,6.497862625222039,14.461867664307103,,,,8.544187595725441,8.216714821802139,8.913439911690688,,-4.733854510850327,1.8571432685057316,-0.07868117557773274,-0.7012386507398936,0.2977700513259784
25,48.46592188394422,41.59886185427976,52.29875818336366,50.382462428120895,47.21782691932772,54.62322922486029,8.508790881716791,7.57254652175218,9.63446735418793,8.059439317799058,7.389715597190473,9.07817306568915,126.73677782733476,120.17386028544558,131.83145695485717,132.29259590337762,122.44233091057089,138.4108503948725,33.26944370526497,29.79255701671704,36.290272518155724,35.87569009243185,34.02759545841936,37.93814380786026,159.41970216252267,158.3688592026875,160.29416648994425,8.967811649879165,5.997492250811371,13.179815166072437,,,,8.565860550995874,8.251062550405397,8.93410621830249,,-4.735157755081881,1.9030697710140747,-0.0855039975880484,-0.7059799336205337,0.30910882719844823
26,49.154055871274046,43.12183457115122,52.54248655107277,51.2373944763024,47.969650552611036,55.06052280294611,8.468906672058022,7.559059407020406,9.58352275656587,8.02009351980916,7.37270414623595,9.033010704374654,126.23922900100746,119.91320683810443,131.69202906371788,131.52755153692357,121.93264555606791,138.39355630087738,34.37640170052457,30.018538832328993,38.44690659363595,36.8301038871951,34.16961761232632,39.72578852042702,159.42357926158382,158.36328730076664,160.35272238452035,7.995409474986538,5.189325837662029,11.778204518288156,,,,8.587144720643844,8.264929360083697,8.959549292919856,,-4.654921367877834,2.1176630683758546,-0.09761090146622134,-0.7165353987685432,0.3242500554575628
27,49.98342922150463,45.03565031955624,52.83561225350627,52.19126917453049,48.60617406900444,55.58714183769679,8.401558698652238,7.53571526488905,9.509396321858848,7.957315924551487,7.341372872148639,8.965051320133249,126.12163720381474,119.76214520185113,132.90042734581235,130.9227055987198,121.46746650482636,139.36306856233773,35.4734927835007,30.205735297889586,40.59747718922782,37.6896474337381,34.302227066896066,41.35219706623532,159.4174402955941,158.36976488473653,160.41468831051708,7.078459625672421,4.125418946629383,10.833534600091465,8.780074008656783,2.1331501286791967,20.917376822981304,8.611222013124973,8.272315780068373,8.980785818829318,,-4.466246639945017,2.441459744456907,-0.11191531674307073,-0.7264375450042163,0.33932915688236676
28,51.2526767038153,47.65667550676055,53.39782723334274,53.385157313095526,49.19855535567986,56.589873581173435,8.294698894652267,7.489597447657107,9.395503856687693,7.863816299476832,7.277989168955699,8.865196629740701,126.42629078314525,119.61194774664742,135.68410608448744,130.5361041953117,121.13105669466506,141.2166519007358,36.67216901572549,30.494613264805306,42.895958239063496,38.56374341335916,34.54522760218638,42.85234382977744,159.43789232398544,158.44761123269666,160.4476940565408,6.296473697018981,3.4544860000572277,10.133729625360019,7.8915653954843465,2.623695977085759,17.620225420340237,8.618782267562281,8.2864963350391,8.966969331895651,-0.021921207002191863,-4.120259819395848,2.823812013851274,-0.0924074623046075,-0.730954520345704,0.42962971528958516
29,52.436368709997026,49.97927639262239,54.00984956231083,54.55826519488156,49.880921769888516,58.03295823570692,8.203348047494613,7.431579285815298,9.27773981639243,7.781307986146238,7.22139202267253,8.754939608345873,127.16978890965012,119.36368367695155,139.96288868666352,130.5330137518339,121.04077642111227,143.78540121849716,37.72455029821319,30.662304309822005,45.06350110964135,39.29610387729302,34.8071164570616,43.99425265370425,159.48082190878674,158.57415798178346,160.50514013956058,5.829025081187099,2.8442996343654534,9.926153898541767,6.9415155550253385,2.901696175000879,14.154802401347943,8.609463194859078,8.280828282685283,8.926819940890876,0.2398037204264607,-3.6570004003704915,3.085168648941875,-0.07147227422964644,-0.7214269124776107,0.4915806329911673
30,53.187285887702565,51.52402982951885,54.461132006336776,55.424250491770835,50.33844725660674,59.51040891884814,8.149495898164641,7.3985739279458835,9.19737098599043,7.728110174924344,7.190305988545234,8.674946572799868,128.1972476293297,118.86788533829863,144.90049492226956,130.92717595522063,121.1514297011706,146.85405929198274,38.62271353372495,30.970774936160623,46.78374437949692,39.839703741163326,35.09491583073017,44.67117891412268,159.6561851617476,158.83940034517468,160.7178602786459,5.638019507844451,2.610929766280355,9.75208917097087,6.323628479798861,2.9536033747600188,11.508820936233064,8.534686507799252,8.196844336055104,8.81772666534056,0.5016190168268992,-3.026947907309881,3.0883477471803173,-0.05245205605182293,-0.6936270936909594,0.5083984797987741
31,53.33437249368608,52.04820520828399,54.66964320225074,55.87574273609073,50.67734508121917,60.512439343114565,8.136221982389147,7.3786616137978545,9.171624455560295,7.704961275737304,7.170870225686258,8.639884115251267,129.27594187161012,118.26340348402067,149.45478637206534,131.56319277046234,121.30998501162841,149.97999233867057,39.28310366350601,31.329637636736177,47.96113613887464,40.10932072734232,35.40040394786658,44.696527667543535,159.9363164067517,159.11453608702016,161.0789774257724,5.822191942308774,3.1927216954867186,9.221179617205554,6.277170606864843,2.9926247359455247,10.119807742886831,8.40739660779899,8.037052617274117,8.694044523052227,0.7187403603061375,-2.3700572080818185,2.886696701799666,-0.044864717950816486,-0.6517826004450666,0.4802391112331521
32,53.022578928796875,51.4249006594607,54.84962361338033,55.84292974485426,50.86560210955608,60.564823288815255,8.168128113244212,7.398263360719005,9.20494470660704,7.723554998632835,7.193530958463722,8.6547246830272,130.13101636988077,117.6321598026839,152.901961874938,132.16866487054187,121.503695203816,152.33626266400464,39.76199645493501,31.52743584486383,48.72870114835517,40.275466400567794,35.61002498020849,44.55649813397961,160.34009665463634,159.33563539919604,161.75612456165044,6.886834518312794,4.680528183869869,9.448651434149085,6.970815991462296,3.66705509424653,9.879316450910713,8.222234828941462,7.736062203361948,8.58562521549808,0.8951769137536562,-1.8234454698320048,2.652461061106563,-0.03470680231038631,-0.5894024352779588,0.4253421002759093
33,51.63486983013173,48.801672431368196,54.568344414447296,54.799795822878025,50.682751774537394,59.24953666225224,8.28207993414006,7.471762628978862,9.313194672870445,7.815988247576806,7.278896279736449,8.730789630410914,130.68673357343627,117.00793502250036,154.98045202471872,132.74829133229574,121.60557468664952,154.21934192023812,39.82719142867911,31.451744854567014,48.570783450877954,40.177493185757555,35.51606939397776,44.051874752998515,160.83124666872993,159.47037857975212,162.73253792098416,8.475441243316606,6.600769402440948,10.646888382688722,8.442423085506029,4.284927916535442,11.661361895414391,8.003287925205832,7.3024991040624645,8.51725619332327,1.0573608377585568,-1.2814328282812508,2.448936446960644,-0.05616849794406104,-0.5141049560505357,0.2816056879448195
34,49.68353609168814,44.829506485967485,54.29188864031363,53.07604560613706,48.87134870670245,57.509217586230044,8.374647920384357,7.552190849976374,9.488302453604774,7.894274612248366,7.332179335439667,8.861024311978765,130.81256917118816,116.41422583131697,155.75731131147182,133.00465321421646,121.39735510070585,155.18179996605593,39.734994755214466,31.22118557383805,47.75593415478329,40.06340276057837,35.281009504419565,43.938195480071414,161.38858013939108,159.50490941491262,163.96852038796862,10.67760793748405,8.585896980325415,13.436819553770324,10.395636228906053,4.856053843306444,15.250557708898754,7.763059476835461,6.7591710423058124,8.496400395667223,1.2967384553875783,-0.7047040408429595,2.506532318058695,-0.026593867203943453,-0.39721979923639494,0.24095719050607986
35,47.69071474628569,40.322338791600494,54.032481678680156,51.122979145577844,45.79256382817292,56.0181860061013,8.446696785950879,7.5815076685415015,9.715866188140318,7.960715285746463,7.3181912429311184,9.032886034778072,130.46241266189958,115.51056197391088,155.40596758703865,132.75018235842327,120.67521304232471,155.02772984617945,39.58391916874385,30.830698724913944,46.765723842118845,39.9927871885616,34.946998785077895,44.35929519007938,161.91192934704594,159.38065054397333,165.26152650532725,13.275712957440941,10.57171826176581,17.652031745549802,12.302923341594322,5.458888234093922,19.604744989413,7.54536175549892,6.194073760751644,8.549410212885963,1.493334416129533,-0.3130771278617937,2.6985309836091886,0.03174511715898716,-0.2632905424903673,0.2776684558535456
36,45.934878222580224,35.73482417268285,53.82463367912972,49.26665467497571,41.758035916663346,55.481877605671876,8.517600198541345,7.518792440419778,10.060813651174914,8.02619070765175,7.228246403874884,9.29441506510954,129.64046122944086,113.95467366208362,154.37894040015763,132.00005454385501,119.27417633567869,154.09882923799697,39.62174814113313,30.390369113634133,46.37596544626322,40.23915699961442,34.54380758511186,45.74133152300426,162.40915200380954,159.27025701765623,166.5269240498013,16.135007355443225,12.165791617568003,23.130268398400993,14.189590706925895,6.322857843849515,24.573682478009374,7.347458878787597,5.648449334417322,8.602835715719085,1.7388642730776387,0.21516124078220775,2.961828872490768,0.10505646860974552,-0.13532411862934549,0.33092296428125695
37,44.43714866493977,31.631509619979518,53.53424327313444,47.6450854262724,37.176114571149164,56.184073657205985,8.578689681231804,7.333017115643473,10.520547366769474,8.078095740057584,7.025816887045172,9.651729908481572,128.44272490307273,111.60487338494536,153.00174386818867,130.83007983985553,117.1214973712895,152.8177289631933,39.93057647954014,30.101015643558142,46.640957017708345,40.839031697915786,34.260939960544746,48.00323671503082,162.84529922424312,159.24242604868067,167.58191534773914,18.234542706160482,12.614209538593185,28.076486189309147,15.562862649736463,6.1447767118125025,29.787062543726055,7.18309153675182,5.199100631747164,8.626693818735117,2.06247990139605,0.7617427621199084,3.2497623291732314,0.16475158302418458,-0.041128263953167286,0.36964966471597693
38,43.580448875136796,28.33889988745009,53.45024816944076,46.70624912213543,32.32966114594221,58.39573478098113,8.630476493067619,7.028337464921766,11.14264432206171,8.114130324143005,6.713755570191849,10.14379690084914,126.8622763975531,108.3018580451906,151.5509113085098,129.222958222332,114.08232777917017,151.14051074879941,40.592938269415555,29.97781751608447,47.799482320705664,41.7732166936981,34.163336459389384,51.00662458155635,163.18374391313574,159.2023323534325,168.43586893660108,20.183086460365345,12.750627799964619,32.83665353470133,16.60243361839158,5.942246348650263,34.75722743354772,7.063239340384276,4.841628756752428,8.656511326837922,2.3591015218804405,1.1546079712652924,3.498543802559416,0.23530478950702516,0.04449379379996897,0.4335727840982831
39,43.24617044452578,25.897701840751825,53.62341134474312,46.34093845962728,28.71745408083863,61.05824121933777,8.695617773694284,6.638117389006924,11.810199297293526,8.156250439316791,6.344363889041217,10.677876043733473,125.09203536343688,104.35094771910349,150.219223538214,127.29740899402104,110.32719295827846,149.29675783587692,41.328237653197604,29.877404103854616,49.419639326081295,42.77803935273792,34.07304174623885,53.9269928427671,163.40494752892715,159.17879777233037,169.04679238065302,21.84969990460276,13.21581090442345,36.87323745153999,17.735067869170074,5.7076048526127545,39.86037432721914,6.991950579247206,4.5892960772443505,8.677448274754155,2.5896532553656186,1.4058290812590086,3.7008042646291175,0.2520687987630917,0.08024953880146227,0.4177719518670798
40,43.21866745870656,24.109888089181965,54.150682024721995,46.31350627832283,26.199393046632345,63.628687824189015,8.78218803179633,6.230760635529983,12.53152996189555,8.21264524084398,5.977441160195246,11.261943782017514,123.25164129571696,100.0757219794057,149.03868383525315,125.28799600738193,106.10968220767288,147.71003834208457,42.04833007195295,29.845315847539368,51.095165282038025,43.82558492249634,34.05648716031853,56.58220007615404,163.5554891331695,159.17876421015768,169.50739898949433,23.46381434355802,13.446316227891437,40.868976980828876,19.343763173613922,5.91646419498618,45.09693740254909,6.948349462416519,4.402563188377108,8.687084065345056,2.855132085983719,1.6171337394099004,4.051580557905148,0.2318097416314311,0.08135558927717948,0.3530836966991272
41,43.288564995514974,22.610618938966674,54.93231723709738,46.40095433610152,24.415966816301438,65.68834454920432,8.825032370705427,5.859647432843474,13.09150768118708,8.233742981905968,5.633941690113971,11.725398148215948,121.49330696618294,95.95863059510998,147.9778529786888,123.2596599852696,101.84557173273288,146.14401703222515,42.624789550981845,29.91526867067897,52.14159073138604,44.682885180363556,34.18854286612411,58.50610144228297,163.5871933319865,159.13919011987662,169.77626423524254,24.761900791641963,13.32562952268438,44.784322176430834,21.210681832362926,6.112528273474114,50.46072342739002,6.952218764197331,4.297203781559901,8.71315451243083,2.880806582641333,1.583723574287617,3.9898341991925568,0.19145498846855635,0.0703780289194047,0.2831190825567819
42,43.4085211256259,21.263853015489246,55.95845379799573,46.45469398023933,22.84957511686607,67.43228729527272,8.831131270162915,5.5605609815769625,13.453124272262318,8.228314257542033,5.354500198401068,12.030636199203215,119.9657464545769,92.4618229827957,147.04834776050166,121.46895176498776,98.12690122310289,144.66907968286455,42.95550364007267,29.916672602186594,52.65398274435151,45.2091127849276,34.24720940912562,59.61962699604436,163.55621639617888,159.08987821370368,169.92403012164291,26.145862124271773,13.55733967404797,49.340908330310185,23.29721743456439,6.576512680053224,55.98501662992615,6.978695557455513,4.241395029734749,8.74070658222813,2.64099788723884,1.4334578184687499,3.7227790743305804,0.1572681056241046,0.04802328886942019,0.25555608504276084
43,43.50310168081515,20.29194626376244,56.86536786907927,46.254119358364754,21.460205868891336,68.16976337311738,8.749088345043411,5.323108594369517,13.470460433287913,8.15815285534831,5.132303678485239,12.066742841957904,118.80062547967361,89.97879417811697,146.20918671793896,120.09382132461528,95.44428435727902,143.41957438889673,43.074937956415575,29.915961552930725,52.68446208077236,45.48260919221588,34.29970520865778,60.03426181727749,163.51525986342182,159.0684722963563,169.97116035853685,27.13213390055447,13.36420459882103,53.41302587249695,25.29283647348672,6.993221117799159,61.05178189537645,7.004507210318911,4.225887689459694,8.754256873698434,2.42878449489229,1.3963708809547544,3.4774677789453357,0.12151324207338504,0.023079478610011098,0.23290718790375342
44,43.68823608385577,19.88645639204524,57.42308450983076,45.96325040271276,20.373062447945983,67.95080159675527,8.5867342553688,5.132519411294035,13.208653732681748,8.026124063805245,4.955057176421982,11.880003765417543,118.07051560345622,88.6893745050721,145.4153071151897,119.26489276573683,93.99215260466231,142.53046798256867,43.252215342773276,30.172898579713063,52.80514319293546,45.700164119385846,34.61981613862657,59.987559411314194,163.51753853033205,159.06170703641578,169.99327083595182,27.28519736891657,12.508555042666991,55.479096406258655,26.590981329422334,7.477419274613508,64.06037198758027,7.006046146784852,4.218681126012919,8.756426617274451,2.222860450658992,1.35807516852066,3.2188255278532347,0.10243536756418499,0.011282982982335165,0.2138827483980919
45,43.72441711527294,19.771248278826388,57.37807444886515,45.451020668514516,19.51907652151567,66.7164749578257,8.332668756629825,4.999045739377848,12.60208694616119,7.819102897353186,4.832036889815066,11.403115479270937,117.80174205155812,88.75131287167312,144.6413198727592,118.95796387800218,93.91868338443933,141.73374897415076,43.426511015713004,30.563155969199926,52.97386885173347,45.745267535183544,35.03431456097909,59.46128848738151,163.53335231740158,159.07578808476052,169.96122105681104,26.722134639097312,11.381261470292863,55.43708763741696,27.157117832086247,7.2067984200522925,65.67712043783709,6.9961313892050745,4.231334762178259,8.743873585857639,1.9697131761465259,1.3370666133581814,2.77742429512831,0.0824619873687922,0.0009430512540514252,0.18316773803227385
46,43.594932019788075,20.07490946204635,57.120143481714805,44.750253973402565,19.02276492475145,64.53990672703472,8.054530899450924,4.931129859720665,11.838274639260339,7.592541131045342,4.771136361802143,10.787176018696485,118.05743332122393,90.10868462138424,144.06704746710176,119.27797165237871,95.13696605497914,141.35783145484052,43.53887262328051,30.97894652890169,53.43262129570364,45.64556594642587,35.42556932624295,58.87676631651995,163.62594173557352,159.11804343891515,170.03563534304362,25.787102324571507,10.298540863955179,53.05145838153989,27.09082804866395,6.615044135316856,65.40181150175017,6.947796295543238,4.193343352813423,8.713513051552486,2.0704271200149686,1.39854377499015,2.960587058143217,0.04591325430699303,-0.04048566637232836,0.1551911884051797
47,43.36380161315971,20.641604137746707,56.71714370563622,43.98450447979616,18.898726878873063,61.727880437917776,7.740076232024661,4.909358944412022,10.913677301227768,7.333842463157971,4.75395772221714,10.023210885689338,118.80035288165428,92.64941392738169,143.6797966860375,120.1073034100938,97.44634026862916,141.26150764090318,43.51146819216841,31.403907212771383,53.94146451390529,45.4174405264537,35.857886543887446,58.19873757329299,163.72502682326407,159.10894327862013,170.20745426755013,24.607718582898308,9.362705763928156,48.8613644965034,26.733047790080423,6.189550402816142,63.934392586880996,6.892212777686096,4.109917081478242,8.702150969337454,2.527905278541298,1.602639783513081,3.9462916982274123,-0.023622330612252232,-0.11181772806796142,0.10994337136714587
48,43.0124497544696,21.30141301112535,56.3551328911106,43.24353283965149,19.061715099838235,58.86912930959837,7.4454705287281655,4.927755984017696,9.991881069385508,7.085114529204359,4.774355120476638,9.236855385812058,120.00830536386613,96.19856441288903,143.56646531643736,121.35311969439832,100.64657377192685,141.40307556794687,43.2215866590821,31.81816245372033,54.24948335717501,44.97707567982057,36.258001045070344,57.34766836373366,163.82088630762223,159.13643608702137,170.46102879117274,23.399387072899067,8.285377420415958,44.48281542064238,26.54172682077114,5.378662951630467,62.28771731929952,6.834458868078007,3.987446063259057,8.671294789703937,2.872586846481154,1.681050260409333,4.833277548791448,-0.12448850102856007,-0.2638314723600867,0.07321420171320367
49,42.22124378579052,21.495345081217913,55.83212979253313,42.15761525333548,19.060586163697952,55.82678573699409,7.214084309056595,5.011640498144917,9.152344065486016,6.890392850998666,4.855676036811972,8.544806100108218,121.71888587240765,100.77437471988898,143.86064607645935,123.11732320404138,104.92042341120279,141.89652846464804,42.294788409304886,31.86996232756099,53.697568828730056,43.99955534927205,36.22793785652644,55.91649100343719,163.82750130700384,159.17603842647455,170.70741408899494,23.0530578965221,7.264717050578474,42.7502982490076,27.074985426629418,4.484452525100978,62.59208884059531,6.816170081573958,3.8665601468912683,8.641025166440944,3.0964221312461335,1.49954701634693,5.6460499193830564,-0.2573046865076082,-0.529483711348066,0.06575046977631839
50,41.32175432076218,21.526376679756197,55.27313606320125,41.06212857187141,19.110854531261715,53.14961191197868,7.038077343924439,5.084923073432147,8.530597041667809,6.740948266307569,4.926216413131141,8.055535766499656,123.84323598624411,106.07235011811025,144.725861211527,125.36166277264721,110.08392714061364,143.0192330915563,40.796975731316834,31.68829253208016,52.32605366723085,42.529963662689894,35.3748612701051,53.84240995348527,163.77634474871314,159.25167719097766,170.9632326033337,23.089371386265864,6.354496519406718,42.80414607293973,27.987683287956173,3.8095806677829547,63.80559141074513,6.823661156174261,3.740091291919743,8.652600929022906,3.198622279424858,1.0262329081120138,6.417609787287827,-0.3767961375239721,-0.8451205454079949,0.08467662533731637
51,40.50990645812976,21.43108853026694,54.4243194325185,40.00146787172732,19.08188644336176,51.09608824107319,6.892932439553397,5.1512748922223,8.09197991761525,6.6183540277408,4.99043985203827,7.721007541153108,126.29605666635072,111.13619836788581,145.95568701700057,127.99364286851065,114.82070565867377,144.49181282858783,38.80124218557857,30.582463555511975,49.999313244425124,40.70210076225021,33.85552220936607,51.10848407083108,163.58712733499792,159.08585453613517,171.05976108723905,23.307355765490968,5.6037138913820455,44.69073435435864,29.096352814543664,3.220863965399188,66.09350821986992,6.89065162123735,3.679523969732195,8.768327755039198,3.0173641235781776,0.23670280670801333,7.001054940718136,-0.47598507299213466,-1.1709777646509507,0.10645113410890714
52,39.69937954815898,21.231389215127763,53.47296942705768,38.92281405688806,19.02814767376175,49.58832610215641,6.803072925897179,5.220558735516708,7.868862703399756,6.544085126999474,5.0552200517,7.5746758864076495,128.93509320541062,114.97129085272528,147.6280054363984,130.91664285016532,118.59877104787915,146.4241403337287,36.582532140462355,28.774612383556516,47.134274486893716,38.64641833005275,31.700591950817135,48.0107728852834,163.3139515678358,158.70984956832513,171.03224516697585,23.969386714333712,5.4860702685424165,47.87851583683684,30.42281399341914,2.6480520198903967,69.10722618743746,6.994922207042277,3.6705991112071805,8.971401238635714,2.5639895394726646,-0.7334014972848033,6.835725047996246,-0.5437971715008307,-1.4754760725739213,0.12458344482128009
53,39.01603029846853,21.089002804389892,52.6032929387877,38.01656089343572,19.061834966146872,48.69767914726156,6.721200033325555,5.246606957066803,7.795229259686405,6.475976194907209,5.07806060103335,7.56152628248895,131.634716070151,117.44631656604327,149.5964086256716,133.89469706713882,121.0982060774112,148.63926296445004,34.40645498024417,26.52916605092758,44.030736583848224,36.54964031083974,29.07440326162188,44.66107083948576,162.98843241163746,158.1287129848639,170.95167902676013,24.748887131286374,6.1156573314120735,51.05294086471329,31.506895539674993,2.432254057660322,71.9107111605415,7.122932027952979,3.686585455910755,9.256570267000475,2.0892907531619036,-1.842914617000198,6.687341279843462,-0.5805922929535406,-1.7209092757447975,0.1385190711667857
54,38.518152518336436,21.233493640857287,51.9761926009643,37.41218314639795,19.28829838347008,48.51396803724973,6.633947634501141,5.2156458051872905,7.812815497352764,6.398882055640209,5.046795541737547,7.588218136969829,134.1210012177599,118.43309779785162,151.4486056689059,136.53410811591107,121.99856730800843,150.66372264921216,32.662884101758536,24.229461121932594,41.4309979920137,34.8837420213332,26.447029276633614,41.91369006756098,162.6737789111814,157.39272149753756,170.86480943556126,25.14335423073443,7.047264514157613,52.704252701176685,31.998457775054558,2.2843910147815873,73.24182791987388,7.247862867244418,3.7077201411947147,9.602717557450152,1.6534492034123438,-2.7278938574122327,6.422934582174285,-0.5829353915625624,-1.8692372017978183,0.14797037921421158
55,38.184327001233804,21.54112459524677,51.784744268709446,37.054025311003755,19.58072277158767,48.877437105024306,6.564749289677694,5.1904401240431834,7.816368704343088,6.3369465502406985,5.020857802524927,7.578603139382567,136.3172890157365,118.01869607021749,152.8864926692895,138.71112983502871,121.31430921721667,152.19955903015244,31.444767889015438,22.106045968766118,39.41486335289842,33.78132519498435,24.481851535398864,40.06318669249404,162.36340567232494,156.51568080904485,170.82395168277975,25.588423896167694,8.789929120737897,53.057335591701694,32.02528091028765,2.1581647139648603,73.57958091360373,7.373424481263693,3.714493756603341,9.951214440862408,1.3559757813947555,-3.283195056101059,6.1704456332685265,-0.5917385094386123,-1.967755616527283,0.15376201286221425
56,37.80208301628979,21.893962159111368,51.90111613683564,36.82827193748648,19.906771006980666,49.513755095123756,6.522200373687085,5.1316764483723,7.800353070173767,6.295718622381355,4.962070390496297,7.550994499512893,138.0517661928452,116.95799192856708,153.9609755336366,140.29353121943822,120.14142617639163,153.35385397857328,30.743990413981628,21.06992664644214,37.78237627610167,33.15568675298125,23.136187927880904,39.259518845012956,162.1775073831716,155.90680605745374,170.95309970466514,25.945072032070257,10.52255935891457,52.25517952319984,31.845579774543765,2.2623917422211366,73.19276838570066,7.448218588474573,3.6568653293097486,10.179836894649027,1.2284577869423707,-3.2851345277708397,5.763111420547375,-0.5978070212781174,-2.0061626410958633,0.17739932741715017
57,37.433536092629474,22.401411777503338,52.07026460216336,36.658918144372436,20.23410877564024,50.2357408972196,6.50340438528491,5.008007898443759,7.7891098843100055,6.275535703134924,4.844557790718298,7.527090100096308,139.2414657553365,116.00848968013244,154.45782000639474,141.10060411030472,118.69751654450656,154.16779956372574,30.40448229412068,21.059079589376843,36.76753938071311,32.96583727133062,22.528306147019425,39.440375381957296,162.11657060856356,155.66371613502858,171.1849187065476,25.732372273222772,11.332685908644216,49.678692606425585,31.127717463126707,2.500687313261604,71.19206685623416,7.469982267984557,3.562405738083958,10.247954494555566,1.211553211061092,-2.9639012627802455,5.31672483083743,-0.5868207948396205,-1.9780167809037763,0.1979193282671748
58,36.95012828264584,22.805279949126085,52.10680802938188,36.3131174303109,20.386853873991896,50.76704385869782,6.554165739008093,4.92015194779238,7.791307223990557,6.320478142001278,4.762442415907685,7.515570212309443,139.84004929495939,115.12953730196226,154.4066229057404,141.37916863364848,117.50406903491135,154.62104637545468,30.304764510488567,21.830748034995295,36.492753899193886,33.06800136147115,22.54736943912421,40.45958248657972,162.1788284281995,155.7686126180716,171.40574602748896,25.45986543053536,11.205309767961726,46.56135377757782,30.26413144594381,2.8390916721832786,68.44354539686606,7.4398696404224305,3.475984319528071,10.169584824184883,1.277812923899765,-2.3092228547386293,4.805933339891915,-0.5534281208331329,-1.899403930263107,0.2180559715884211
59,36.584625389772924,23.199953787212998,52.397976090780276,35.98402828830433,20.560242325905023,51.46548656693259,6.6629515147158305,4.891500520771027,7.832706998084044,6.4205794325071075,4.737227572560057,7.541233098721275,139.83072990473164,113.76287322633294,154.11739765067776,141.2249416377639,116.32100961427366,154.8485885884841,30.29241003619373,22.993413812882267,36.72525378840169,33.167061801199864,22.88569493959831,41.93175202377488,162.37907078516963,156.28993448031076,171.6066537704638,25.388229038219094,11.101573572404888,43.12419267462724,29.43179782054346,3.220718813355683,65.18136193686198,7.349414065445199,3.4003338551262687,9.906758306804406,1.4321552276258025,-1.4515277013735859,4.2961335890287256,-0.4685635079134206,-1.691959992426686,0.2455256935585607
60,36.27616952406611,23.691387215112307,52.70945493341125,35.62429738545682,20.855443829786857,52.19958397026457,6.785948427157356,4.860654301862046,7.9677674001175856,6.533209967776791,4.710400413229894,7.651625323472097,139.20456862078206,111.89510865216968,153.56698247640963,140.60010796931658,114.91536862250578,154.83135769305522,30.41863760312785,23.589662583589607,37.604708357788645,33.29682097586288,23.536179254275023,43.73719518133734,162.7966180752827,157.20641433293218,171.74489000018445,24.841899745017493,9.511856713448804,39.752310551194135,28.833775893250134,3.6897196873539606,61.42712664528673,7.16272552023292,3.349982108209101,9.518698537861592,1.6166278871098947,-0.40487958588028,3.6454990830782927,-0.31815665662735976,-1.3570262421946957,0.3279064831043604
61,36.00472499614856,24.23727016364326,52.90620287109064,35.243605151775164,21.091263196203982,53.09985361653369,6.905629820020204,4.850486536570142,8.193594469536299,6.639965605705379,4.705334975576642,7.835767056250963,138.06903433755548,109.58240202044033,152.85829675513034,139.53987719568883,113.34341788283194,154.28192034513495,30.61095000894274,23.723639439712436,39.026318555733255,33.423232356971496,24.32512603446804,45.42101920771401,163.36198269055762,158.1433448400133,171.80567087313526,24.802073804392762,7.948170653424512,38.344300486437476,28.86816113628234,4.052610295941622,57.80452690214531,6.912057758233545,3.3300010230745354,9.126088750013169,1.7261191192134273,0.297547409126246,3.1874940818481257,-0.09730996947339382,-0.9217506595376441,0.47591638675242876
62,35.61579692227744,24.593212189256,52.916886815660675,34.838794218616684,21.287471271779083,53.87405113563972,7.0217965411931935,4.909759351688718,8.491940836997122,6.73926236022327,4.76370806123756,8.081798695426231,136.7235004615519,107.42095628896166,152.12919424167922,138.36475313183314,112.18549109317442,152.9093369365258,30.850153026882445,23.504085685014097,40.31663845910407,33.440560398340175,24.74920922388371,46.6093282096832,164.0648457520316,158.99517820278493,171.8640016482165,25.78803923571173,7.123763672871389,39.41746669626242,30.110445888646538,4.592037931568639,56.17343621910996,6.603376097630077,3.309619898949129,8.773701683982692,,,,0.15335514976621467,-0.5143924117405689,0.6676014460932176
63,35.239786083901535,24.77470778851597,52.901669232942936,34.51721908592135,21.576642964830874,54.7240263755342,7.1200082733723065,4.9823486654226254,8.86979331022438,6.817457717368992,4.833812113753752,8.39386967610244,135.07287909737116,104.91619165370798,151.3566962334144,136.9045336520876,110.84453853996058,151.27349336955402,31.078371740213047,23.094233053497252,41.09200517336163,33.35652541818774,24.823040595151813,47.322630414523616,164.85385695783276,159.72197536993275,171.93187874806927,27.394778253613556,7.194941799098245,41.988828287220315,32.113299046055126,5.210199264226057,55.68632806398598,6.25949039290142,3.2836210613052486,8.477588933393482,,,,0.4274213328982417,-0.1399264556533002,0.8970221623209826
64,34.74649479362405,24.654330082506572,52.565255395682186,34.152352980900545,21.76702938444368,55.30750704595698,7.196085179790437,5.012624750829045,9.308211620147548,6.87079223176395,4.86330948842937,8.755465001686611,133.22523869378682,102.63801677602834,150.51261665653203,135.27965006360293,109.47202999331623,149.71040267428316,31.41946102682982,22.916047091142204,41.44244353086533,33.31570179748128,24.774519854758964,47.587672702700736,165.66923718599372,160.1794005065281,172.0544536136672,29.454417723351042,7.397057102256326,46.21777784969238,34.791434848284496,5.838979671400932,56.56164814143867,5.907245385217112,3.233087019583821,8.302940303270248,,,,0.6601988304336135,0.10970261804030708,1.145690553038732
65,34.0486760262619,24.016249278002853,52.10908001511505,33.50097644908476,21.34119140136852,55.530729606219936,7.284747477988629,5.051051138808713,9.762711046581796,6.938732966707136,4.900372981785037,9.140141747841449,131.3325550370164,100.5239247948279,149.9724286753908,133.7383259555785,108.31345910320346,148.54431324811566,31.6864516258131,23.729398111078282,41.11852081778714,33.14526962181578,24.517149553895436,47.31312114473304,166.35309707117102,160.3439838895667,172.1865881941767,32.765154640442944,8.73398491144443,51.999408164429155,38.05341297789051,6.50993063820728,59.20867783179314,5.618613170576829,3.1797020802147924,8.217624566088443,,,,0.8384112731710249,0.21847326424446417,1.3502741345493132
66,33.372883116572226,23.099958182050322,51.73697092612559,32.819372938268174,20.680183274576258,55.437603102282694,7.37119550923064,5.097635304256668,10.165975993930601,7.010272414162253,4.9419975826611715,9.494002335962637,129.6716215169851,99.16732547055325,149.63111537225342,132.32643096388762,107.39772754957076,148.01638842115472,31.971204556755048,25.0420184351028,40.58281206210168,32.93377970897005,24.243020703462356,46.83266493222763,166.87694157013325,160.42998858873207,172.30895150573738,35.87239580024478,10.332148835746223,56.20443019875036,40.831886188004056,6.953434357383655,62.41053247822349,5.403468714523811,3.1312958583878228,8.174274651117114,,,,0.9362191999347796,0.17385680072055132,1.462419536422909
67,32.898344445954436,22.15131083057869,51.57234496342224,32.262012060667374,19.96529969175421,55.34345604529121,7.431315369132425,5.103028684510428,10.47607343892862,7.062264657642395,4.9447834654184915,9.773492782093943,128.03847654799108,97.76198473552142,149.60134713170967,130.89893470859346,106.02491212813248,148.4308077118097,32.270665056600514,26.0066701382992,40.068471326395525,32.78422537682978,24.393142322248277,46.48239626181264,167.19586683374055,160.431739519469,172.3231288042949,38.053620177184776,11.531345298497818,58.636990476461726,42.59516506960429,6.8418803084263615,64.76872453578352,5.280605128403537,3.127228351512857,8.180506857993286,,,,0.9836246803327288,0.12039367933168416,1.5142896088113469
68,32.48755362325803,21.279741932172527,51.52358335327476,31.74151860832505,19.221329222888293,55.01274436347407,7.438199196672574,5.0645925500769895,10.640061183973362,7.071435977642386,4.90574550912897,9.93814008510839,126.70774944269098,97.0687010553666,149.97486777899584,129.4710806820783,104.23007497759073,149.35553953483367,32.653995442764824,26.442440160867854,39.81648930848193,32.71739006528426,24.57100346708079,46.31104637485036,167.31631977425195,160.30454954811168,172.27596068872936,39.64636820131382,12.202211241656627,59.9080931551069,43.67240376262523,6.452413731660947,66.63084974683258,5.245430358102373,3.1479865824737745,8.252262200798917,,,,0.9741980303673526,0.05156659594944668,1.523382993765651
69,32.10356827664562,20.544161872454975,51.34532921833048,31.18714029645741,18.473379870281462,54.254855702605354,7.39514157818712,5.061895778650284,10.639791561888533,7.040626313027889,4.901041520158033,9.967761778887109,125.77573525186946,96.99508627975683,150.64084517344264,128.06832425487664,102.26293368551052,150.39212876456287,32.96159737001986,26.113219390064188,39.59979970578645,32.65271735791792,24.580926971261206,46.106922673141,167.2760038787232,160.1413957743409,172.0724758760636,40.63636650716374,12.687101377835859,60.00972978162606,44.237238573797626,6.480505005578995,67.55715363700881,5.279206454780004,3.2322269483631194,8.346507701663674,,,,0.9075429240893989,-0.01847524923963405,1.4575129925817991
70,31.588063165143872,20.048289189294557,50.30597535155388,30.599926249327808,18.11262540250078,52.77404217835824,7.337654881893021,5.1691744923283185,10.50333237493814,6.995875466229868,5.002521536300414,9.867122382075863,125.28548036842514,97.76139755228488,151.25253907824248,126.65252861331152,100.4131927052016,151.08305668478323,33.16670962649631,24.903776252955545,39.53886621471275,32.61935554700753,24.426789966433,45.839147514136926,167.16159804075372,159.97890183387915,171.75193961391417,41.35253398293277,13.527864033227,59.39066161321568,44.42499441794904,7.116457818330761,67.06497607594325,5.341670722161428,3.3621534353219755,8.441325197176802,,,,0.8011507177983817,-0.049672546978816415,1.3507624003218983
71,30.847613046273732,19.637979653310502,48.43278021950053,29.779852688185947,17.994431923270184,50.44578443684706,7.270090511119353,5.3085429557349135,10.30467739244991,6.941653623637121,5.137702360177119,9.707096923336843,124.90207068034968,98.18481150892421,151.91341667579624,125.37921612189194,98.62285750297868,151.56341184217138,33.19079540916185,23.104292423562686,39.6619428351038,32.46198893342562,23.990143217689017,45.217017091691446,167.02352556066967,159.88557729310213,171.33677865959635,42.59793228067056,15.268670683758984,59.45293708945611,45.05570941665528,8.815517923694742,66.4602900198001,5.410774143638495,3.528640089645741,8.504266474879318,3.2879603302552036,1.8622494857823884,4.459994194115303,0.6718577367516415,-0.06525504436841358,1.2369318205089024
72,29.830080398798984,19.2495683088138,45.76701391394534,28.759095565928135,17.919758295132894,47.490220404541994,7.190524639018374,5.421869441367626,10.060030176350434,6.8745974643429815,5.244448077064629,9.499061174894186,124.83556312483611,98.73358478013543,152.4250058518125,124.49890086229354,97.64597068832347,151.69027269117785,33.05083403105977,21.53970929821852,39.726507263088685,32.09822982106492,23.268744503968204,44.00638608381351,166.90500124828196,159.8213903690472,170.94723683858058,44.46573419063856,17.939115873637487,60.27320156977962,46.13853850975383,11.546541237774498,66.37378143391912,5.467851908447567,3.6836179408145515,8.548632619954255,3.486452628395967,1.7804041491543394,5.039657644830118,0.5389200578020132,-0.08666530559943522,1.1161997872184128
73,28.672426747706588,18.955482289903117,42.43796648476295,27.557070329471028,17.81246523819886,43.9653882144146,7.113785926306576,5.492212542447296,9.81197949137649,6.8085601700288825,5.310370028040712,9.281567384843457,125.28089133486124,99.6812295682703,152.67093070464668,124.2756988010515,97.97438565241113,151.35185841308552,32.60138889727101,20.300972129663933,39.45721665916845,31.52771942649393,22.702538681069534,42.2629289410572,166.81984933467018,159.81895245845587,170.62459085112027,46.64377373298838,21.700981503576546,61.68377942257056,47.488626823375384,15.076989291615078,66.62200260330735,5.50625496630377,3.8302083604651713,8.558185922779096,3.609362656132503,1.7798163271438678,5.4918102496533,0.41793567793239267,-0.10212804977759957,0.9846092156471141
74,27.43027185891132,18.883483470572326,38.765679507748914,26.262546965315266,17.81941057996456,40.15631185273845,7.02483914675297,5.489590292631219,9.569813935988375,6.729313156281501,5.306202201150206,9.066174691421695,126.43849516271383,101.26712888929032,152.84761797356765,124.89082830575796,99.61094639596155,150.90605300711366,31.763993622161784,19.448793175504466,38.765302277669406,30.705000422483053,22.336551268684264,39.98077033277495,166.78810611312736,159.84417666517197,170.42725237700438,48.874345445570356,26.229706784654994,62.58699647640694,48.886761217959275,18.701716882219465,66.93591029832312,5.518383383743632,3.9231896542825617,8.54838879531152,3.648466881334139,1.7384596525454983,5.900220927574987,0.37342291225166724,-0.018222889478138903,0.8885584936799532
75,26.456389826112044,19.027360029908987,35.567249090282495,25.13774831697263,17.871155973349843,36.58427624065139,6.856418544092631,5.328248937709259,9.265033099052744,6.576274280637588,5.150061326683826,8.799444006655785,128.27076637782875,103.57780421399426,153.05408376533595,126.36892934311524,102.2578626435398,150.75101834895344,30.58845602809802,19.096326688178703,37.60477417918912,29.653130968208224,22.09678480231332,37.24912336018275,166.80070767684506,159.85088827504376,170.37092066594334,50.34752112033129,30.98454079742844,62.74600696821568,50.1854518138186,22.339653384810042,67.32754768677395,5.507460684892541,3.956795056144795,8.534934004017071,3.5708451496664986,1.5354559211897223,6.194523138549385,0.3921520044432585,0.027848057648718588,0.8300873867002941
76,26.04238784915713,19.770702898434877,33.25488035895033,24.5285217478729,18.31629887852608,33.85263772765666,6.63319634770608,5.081502787689544,8.878774435376087,6.3710061289777675,4.912259385568757,8.45597843495884,130.9748259708978,107.35779842520041,153.22242011724444,128.81558908833853,106.44076673364768,150.82194150768578,29.202484844485532,19.24453305354251,35.86567705444264,28.539539098606845,22.125844158081122,34.3891100716444,166.88932096824374,159.86819589948794,170.46410751737204,50.084904704138054,34.27288487390854,60.93378288049118,50.58322898030087,25.38020769695853,66.28479703652624,5.458514003168294,3.9193591649001513,8.502290038529022,3.4598857702995325,1.3001016485223877,6.378398712641577,0.4901863053751786,0.11439361971061283,0.8904360207590892
77,26.06253066195181,20.80469309513666,31.742646246108755,24.173358731894012,19.01947363255222,31.539832486083856,6.394624172302201,4.844101800054251,8.467954373811846,6.1525205984920905,4.6871298683510565,8.094026771934349,134.24587346896078,112.26875546124472,153.41785145933042,131.8248120518839,111.33114336710449,151.0684206880245,27.629326633390765,19.725728069835277,33.84916008035754,27.434854359344268,22.389398363166187,31.61364414967663,167.0491465121346,160.04634097612546,170.62745662246294,48.8824111546527,37.03405388052403,57.95940133670194,50.639336351141324,28.118498665355588,64.44813214788667,5.372783623179154,3.8524690072730414,8.385216705826487,3.403078222801158,1.170993844229721,6.42357849775696,0.6062007708860471,0.21858630960968362,0.9773353792093571
78,26.36567962162416,22.12164122359222,30.904943002766657,24.059678379270945,19.949656972534463,29.742485475912318,6.157925468491582,4.69561192341631,8.041702484248312,5.935489372148028,4.547315081013108,7.717199581446696,137.60420651277423,117.61424044463902,153.64347649009775,135.10481785893202,116.66457248727676,151.54142025251434,26.07347589866169,19.90088568864455,31.89920242912249,26.374638830507042,22.77646175041429,29.203360227625545,167.28148950003902,160.38838137188816,170.79320285860635,46.964080331391884,38.74646064340044,53.533805409081126,50.396079668757054,30.710301738915078,62.26223624200975,5.2518415868332395,3.7650750405987696,8.187390775549854,3.3814806197954606,1.0746400263444194,6.340899393872611,0.728646231285158,0.3352246677804962,1.0794558356324684
79,26.78706215798597,23.316984362827696,30.547612408456857,24.060557669931566,20.798479354863826,28.345006291129728,5.944488398218375,4.637668962355017,7.591294748412347,5.739527998781179,4.494060813137002,7.314362941924865,140.66589011495952,122.94094757576676,153.7457812069593,138.348261082561,122.0698084905698,152.11082475676346,24.765666789403898,19.740486851206878,30.288995049398793,25.41751088347054,22.890974269044715,27.26290030122168,167.55998537096193,160.87279724644566,170.95552170578597,45.41868710244509,39.58437637860823,50.84098285961541,50.50109474785083,33.89247328352352,60.61287273621795,5.1089598487073165,3.681494979182259,7.92271792493162,3.3964759267680558,1.1188145550747675,6.111618765538532,0.8311679346021367,0.37433010326642246,1.1937099977597156
80,27.148839441305295,24.312325752813607,30.45748330718733,24.16631159493362,21.694888662201762,27.453078503085084,5.776766879228089,4.648777007801731,7.201542400878482,5.58331657861917,4.504813332768442,6.958713849526708,143.16384859215424,127.40126481618857,153.8822070060261,141.24388302965386,127.09323828581906,152.64901676704324,23.849353672629164,19.323004518493466,29.198810515029606,24.608046693279682,22.752819799889295,25.890903505460834,167.88277253279327,161.51946643602042,171.12536211538816,44.03707679769029,39.53327821118397,49.11640069210564,50.90887195817277,37.22214325245598,59.757497111976235,4.947767215110476,3.5968219579956404,7.591090960837178,3.4511327203720246,1.4089891846391334,5.849430824093729,0.9271143944939955,0.46917287785843675,1.3081649510573685
81,26.86646246320698,24.335148188072466,29.892073885773073,23.779335035426996,21.82645995789913,26.348480401656317,5.663735696640611,4.740050983566837,6.8993635429839415,5.476264269128908,4.589379954271498,6.679130553863934,144.77744849510512,130.5510283166319,153.9469145792408,143.30126620471108,130.9800841006147,153.0247145650892,23.261355132784377,18.631759964112,28.681320863841744,23.92077931437371,22.331028943675058,25.00958315392094,168.1426453188052,162.19035010591466,171.20156417838103,44.582535789678346,40.31641027532832,50.122597388990705,52.63341926176757,41.167815131606375,60.76907509531206,4.819741950086998,3.5627708710428445,7.263348319273598,3.5159867969814913,1.7467808804603007,5.599337403061755,0.9836696119629919,0.5650192754974371,1.323107445506945
82,26.20309119459678,23.88229312370917,28.981882678791237,23.149655620629463,21.435034651926244,25.274579969156388,5.6034340520168335,4.87152164313735,6.669343252246351,5.417532247086211,4.710582312472253,6.461007388276631,145.61592113951724,132.3503028655087,153.9495450005393,144.60457377133866,133.65405518267207,153.2557905841765,22.994906870265517,17.728014449669065,28.685034724125543,23.386103718064874,21.736063208768446,24.582733827390676,168.36205381029492,162.76276425471866,171.24058745373452,46.46274226597079,41.40599760268303,53.20434718247001,54.83219122585404,45.29752559956198,62.26671615939178,4.717186409298965,3.5462255723877183,6.995022203240289,3.521952892275479,1.9143592344592368,5.4180749877237835,1.0131004901891334,0.5927690166510874,1.3386653666071804
83,25.23111185332347,22.816825866220256,27.802908967705257,22.370737345265,20.667161754939862,24.210859281978983,5.583283947020027,4.9995082375217565,6.52398845287947,5.39487207806954,4.829349504395504,6.318293556518659,145.7570330595019,132.65631373591242,153.9651751861837,145.14425303395006,134.76562128632696,153.34272062171624,23.033497150570753,17.284199438306903,29.188058083689786,23.034774787328224,21.117172698513762,24.36897076903458,168.52649262727405,163.24562962586384,171.24249556051296,49.388609820226065,43.206872651518495,58.236723439405736,57.54429944754733,49.24050074676044,64.12761906558117,4.646177811800731,3.54674058828997,6.782418959594223,3.50068440864447,1.950183226005417,5.33488404465345,1.0126390845912612,0.5454133089057316,1.3586033087725953
84,24.198354795769554,21.599368274233758,26.534112403894497,21.627532645392122,19.90628672535889,23.247051552577062,5.612291241389457,5.082515981150056,6.4931587989321145,5.418198822253093,4.903483993339539,6.282079705489805,145.14312853297844,131.3130717523974,153.9602627344272,144.80646880362065,134.15986471359145,153.2047687683312,23.334278291524218,17.37052766690097,30.136240114536236,22.9169607715063,20.895430609275323,24.46310299281439,168.6242956892902,163.63985413962104,171.1988829856511,52.05301164375227,45.408926767499,62.4987155436026,59.841394802704606,52.22876970802736,65.52554484160046,4.610543676798519,3.5670017039786126,6.623975234001394,3.4494953359329825,1.858188621251581,5.337484834956801,1.0013647791269173,0.47998802251819617,1.3760444669231138
85,23.156393071864343,20.346685927826847,25.33590874502249,20.850640895540405,19.131474100110758,22.310330869380373,5.709101364687253,5.174369227347174,6.574086744862823,5.507765149722155,4.985974467467061,6.3557860133139386,143.91579631416766,128.718744704092,153.83010574226682,143.73219454086436,132.103181014394,152.83549136388513,23.84006230211763,17.92199052501244,31.44905093626627,23.04929615500641,21.151078697699663,24.800993318769176,168.67552043060755,163.9764960161175,171.08983500246853,54.971692004528805,47.42965472648926,66.68234200137013,61.57907674098853,54.11107828652521,66.68067913867732,4.600604394030546,3.6150191841404213,6.503689766898631,3.3605831427036037,1.6701005719923852,5.321210794810807,0.9458935398030186,0.30381029349649735,1.381377661552143
86,22.408077559183937,19.503350030717407,24.48270374412283,20.320030321385698,18.80788923898369,21.60059546090602,5.835459195142665,5.2368194793026355,6.72816883201235,5.627381293474699,5.041520297856964,6.502589883311781,142.36244852768158,125.13247817867736,153.77057673750008,142.22002610426338,128.7782233953405,152.42171644955363,24.525640576524104,18.683590927709233,33.029059760786524,23.354227966384016,21.525351442617584,25.319577670604172,168.7427686093038,164.3216435533467,170.9971168599477,57.1179345806354,48.35936748279203,70.07530963848262,62.357509637200465,54.99227728069609,66.98783577349465,4.585812722783818,3.655300306408855,6.38566382730834,3.2390928133841332,1.466503251177265,5.265061457512251,0.8662421683053386,0.052820152045967884,1.3832459160856923
87,21.84265779432264,18.880215882342327,23.8432749525836,19.9665505544656,18.675369678715995,20.993394793750454,5.972622720437595,5.312100679826619,6.934093824193777,5.758654672661303,5.11069296009385,6.702530625648016,140.57894733999757,120.93966808742043,153.7508454075974,140.45012139555178,124.89021995311836,152.04738058868335,25.381048411454223,19.365085955436086,34.82537886064201,23.826098350444198,21.882220580225287,26.03094369631993,168.79053314856537,164.69825460944492,170.8804044467383,58.42248169089464,48.091188126808106,72.42387658658203,62.45271112828922,54.68764891058645,66.96187774702508,4.5800169855609685,3.7051124114161453,6.257001312824151,3.129352328318162,1.3464399028321847,5.148783211326558,0.7966707945928277,-0.13979411493754718,1.3684649073837276
88,21.53286631185865,18.58856747424181,23.520708594180377,19.751671100993704,18.777650478752584,20.553484629664894,6.113575416461456,5.369963691272057,7.152077757280479,5.895851507021681,5.162774263185463,6.91601815467669,138.73774454706813,116.71104726694239,153.6806521366464,138.5896629962025,120.91960639158431,151.72858862704376,26.274440208935797,19.821898741888155,36.67879247246352,24.41234364027387,22.14602312569535,26.920819114044335,168.84126343055607,165.09017546481977,170.7517500824281,59.22635203680527,47.31097430439634,73.98600191835915,61.80357218320343,53.47116551400806,66.58969321605151,4.572504838130936,3.761586281703416,6.121407278683302,3.0156138855395076,1.3119952962745272,4.9137332543472505,0.7717059819763892,-0.18431492984842274,1.3377511865845795
89,21.365371924334518,18.434446631613135,23.374135461780714,19.64444663282233,18.959206185625522,20.29850697090048,6.227045009692435,5.409479181658542,7.36103553755604,6.007849593450451,5.200486684201684,7.120647343178903,137.2082739991278,113.12368540348922,153.7115046129384,137.02640006196958,117.4464314451622,151.61678189038827,27.065033428226656,19.941532884860074,38.38681462577592,25.021445532360524,22.255763274804465,27.86057547462307,168.90644453220335,165.4768391658717,170.6603557361646,59.996808965590816,46.83011647635897,74.79804482435415,60.83408491851252,51.455383961216036,66.47382653549477,4.557283526682804,3.8154159691245,5.983949024694525,2.9171664531032304,1.3488724459529904,4.607725310797563,0.7340407447603076,-0.24143078576260002,1.2951627117957534
90,21.34220455574856,18.37587198074223,23.271066595809963,19.622752889549812,19.029652678400325,20.23347335261859,6.300993325418349,5.406490348063065,7.512066242257557,6.082417810688858,5.200344662862902,7.267760672157441,136.20405502323976,110.73901989460919,153.76878716610008,135.8961249712724,114.72070490552062,151.6467305722085,27.56623709771206,19.667254092208644,39.68587487847908,25.538963954054417,22.12649783827155,28.76671934768472,168.9551990251108,165.78707501862317,170.60287146569544,60.6318859497247,47.01305810806409,74.75366039886171,59.86570011607685,49.345631851976876,66.3124022683181,4.545825017001792,3.8564745605909874,5.871052557667223,2.834532458058721,1.4506822272356323,4.270257051897044,0.7208999587067667,-0.21522708954023093,1.248922507478017
91,21.468390558926025,18.3478917588486,23.356090220436478,19.692535880984558,18.898357761451347,20.42531869607963,6.361534391511678,5.379962916677484,7.621209988179407,6.144035841632167,5.179931507352548,7.372406935390558,135.67595702513418,109.70802473033521,153.69163198076575,135.19855308154234,113.07739853256511,151.68530002675806,27.720534975600188,19.24225483585436,40.419674207377994,25.963705158064684,22.099947130795506,29.59038889221858,168.97612516000675,166.0277007793552,170.56054553890027,61.12774910383298,48.33925900373781,73.81409278592437,58.695610943942924,47.03313642155154,66.24144376163537,4.542765310477418,3.891379331419463,5.779381311439281,2.771161778789671,1.6028730634835564,3.9326827433735545,0.7211174111625329,-0.13417106016623345,1.2005297263841
92,21.943717599887535,18.63893680887123,23.842516877926517,20.07087601197112,19.101901680924232,21.076287491804134,6.35910929220172,5.2304261059474975,7.675925430348845,6.144997380772547,5.043337460328399,7.422102166714589,135.73844721073036,110.1458781489894,153.60951931583418,135.02867828477036,112.52293289549863,151.74249181358113,27.514808276127592,18.931897491073073,40.54098988435581,26.26265201960498,22.192745452356473,30.32172467561343,169.01046716923884,166.19879856734474,170.57474833868633,60.49041021568023,49.065890660282754,71.5894453642711,57.09858584403718,44.7769945416015,65.59702465202626,4.5282310630061815,3.9001140641974814,5.706456304349127,2.6956713370123775,1.760203127181064,3.5808005831744567,0.6956957986021826,-0.05127950818215013,1.1451222239482821
93,22.60355522995489,19.242383869163785,24.515923541510553,20.62809050881883,19.407206490170417,22.02085391892753,6.3328281632481165,5.0747600664003825,7.676664919308019,6.12187406382931,4.900728207066493,7.418312510534836,136.4084934992734,111.83509685450716,153.64887972547496,135.37332892616809,112.94756157426954,151.82811791453503,26.974219492158802,18.828033034781434,39.933341265722206,26.40177440907003,22.3805139231123,30.799560155284837,169.04578522583213,166.28056500979767,170.64249094188273,58.97240474074435,49.051045277073364,68.29987269756745,55.39050786259296,42.824226411018245,64.51414599394307,4.507675815376935,3.8805403637881417,5.661531779750298,2.6229019061199903,1.9057786138224015,3.283431139953312,0.6282111994018189,-0.11793681305441547,1.1048728365696718
94,23.40577945797674,20.10710367179,25.36498613135175,21.263300542468798,19.80933831730903,23.054688738207417,6.285046746221188,4.923749543393857,7.621640101383979,6.077048147480752,4.7608076951571245,7.360909133018353,137.34952863699456,114.3075348176275,153.71948574848727,135.97443475296126,114.05123951359575,151.8515343753807,26.145178938737388,18.606199015347933,38.63431851409783,26.37767628333726,22.610798011649734,31.069218810182083,169.0962906397837,166.32440220228358,170.7277251873507,56.92367160656489,48.3292211633576,64.74742174939095,53.92755499640033,41.684601964137926,63.27903437737146,4.476227115826385,3.837535307753064,5.625319938760733,2.5288576929588786,2.0448518417035526,2.9753007340277886,0.5182358747528445,-0.2396996768924401,1.010594453156762
95,24.272785000266033,21.175165608239425,26.263571377609857,21.92644545978732,20.352531891522773,23.956465054312897,6.215674208054312,4.780941641158425,7.557999572616365,6.010691667834738,4.627608597095862,7.295501942402272,138.37797391147592,116.95264879888629,153.8764018035671,136.8061219821221,115.63424170703318,151.90357960869906,25.198780732495315,18.316212050439027,36.77603055165758,26.233400826699764,22.833760061251894,31.083391004856757,169.1731517561108,166.3619521611022,170.83498431173552,54.4773996563433,47.114237812401825,61.291987199993784,52.57903869583737,40.97025606544523,61.748152672666734,4.430832972550617,3.7807921112276968,5.588256648625292,2.3479316206669325,1.9691211175143324,2.693370939065539,0.37453039647739544,-0.3917046636381424,0.9437603857427035
96,25.071393359391728,22.360268854028835,26.975662424545888,22.578551691785204,21.13920871042243,24.610046278461,6.128528320660508,4.665168835315287,7.486076564074805,5.926510731553099,4.517159716744063,7.223309321702557,139.42787228696284,119.40514501399761,154.123323252088,137.7625803519768,117.36350562463855,151.96090771844786,24.19965210526972,18.001675660321087,34.487756625811336,26.05510171436284,23.039823609595043,30.881308682962526,169.26974644184236,166.40182671198926,170.9307979341088,52.03497216515137,45.39603949044498,58.372620473485824,51.61526997329342,40.66003198321855,60.489566926873124,4.375677356655496,3.725548765782986,5.549863198479197,2.0943225725958015,1.6952736263434307,2.46376277981921,0.20274934110312395,-0.5599100101608062,0.8909667746820438
97,25.35073460712639,23.05426187696545,27.182607057427596,22.705217405535453,21.41702690552146,24.711992297053683,6.121062693402565,4.741946952931508,7.4324841154572345,5.917697950106097,4.5907967976352175,7.169049074360405,140.20474716729103,121.01802131455489,154.30643441478324,138.5253948085781,118.63615037345309,151.91491921059384,23.116720144427212,17.586251396548754,31.764154440056323,25.759715133917265,23.168878744802555,30.272034679567028,169.3328144526568,166.4441987881546,170.95117077346438,52.0472209265317,46.50083103205524,57.513334997015036,52.04901365226483,41.40148477988343,60.81484938270653,4.338447944997549,3.7012732601565888,5.5176629017990315,1.8443201504329418,1.3906429839290406,2.3337584711319694,0.08980571387946881,-0.7334875874257578,0.9550119242422098
98,25.286615096229937,23.354771545450866,27.03287354110535,22.555871502252984,21.430690279275904,24.41897880374882,6.130763101490743,4.885171992039127,7.397107095638704,5.924936605909029,4.727102468183237,7.133583093819102,140.61642370468158,121.6754586801438,154.43093122508375,139.00773586010612,119.29722263998272,151.8471827698162,22.029401367816497,17.070303068294372,28.855128934054036,25.336317003777783,23.145655906778458,29.41369572461536,169.35864926506036,166.50949697289693,170.92145059798577,53.462070834893595,48.65361494155447,58.13721746819032,53.27064936109457,42.64565525769895,61.806980935591966,4.321066524810542,3.698290662649132,5.484067489821401,1.5220500432363473,0.8886105479037362,2.241877009477784,-0.010701347636411219,-0.9273326118631902,1.0093285221489503
99,24.952599575458507,23.304579853582673,26.644165078909985,22.196677765117972,21.19704230336549,23.952325289588742,6.183993233798397,5.107964043413135,7.397066404768224,5.9743948321969915,4.940878156479812,7.132772138088873,140.9152795479621,121.55743587781318,154.50651158108468,139.33898142924227,119.39607089865574,151.77321435447647,21.0242644589338,16.782463672329847,26.014481095818176,24.83838609493567,23.061853653372335,28.21083074644838,169.33720722610656,166.56126431383368,170.8637094160129,55.665023056035906,51.44423347452391,59.612674304566355,54.668227627220915,43.76083348176134,62.92715074854446,4.327609774551191,3.71152882631216,5.4644941848481,1.2214936569252592,0.36489931219037325,2.2492344807474858,-0.02693426868349324,-1.0426846998030384,1.1311990036368615
100,24.462270000064585,22.976825511803977,26.121943529014956,21.742190290030337,20.81295467143884,23.4167137031628,6.252722197878379,5.367515853144829,7.36278879026149,6.039188839925631,5.190011049281679,7.100330930763138,141.08518923403287,120.96486810002955,154.53834378366957,139.49362581931857,119.2073131399365,151.69161624528678,20.0981907795832,16.569547568822443,23.629921464712076,24.288289050736623,22.924323259741634,26.897001025611942,169.27340596923392,166.60877311382396,170.77887531597537,58.25853919638638,54.33291176280007,61.62725098064811,56.22798012100864,45.05598164944682,64.30791613797653,4.355235179251969,3.74022867707896,5.452610500776149,1.094259404243651,0.16433166836339458,2.3676425329536923,0.01667333303538738,-1.1333153988211755,1.2236647003544534
101,23.954704585477067,22.499968001411645,25.6040812148827,21.220903846849637,20.24105922863407,22.901349699360733,6.33091709828957,5.633246182039086,7.316912812184771,6.11358020309589,5.447069817699573,7.0567467672018775,141.1612237210079,120.22039039075901,154.60459155698098,139.50812438368544,118.78107867274505,151.71082326398985,19.315750448991867,16.338938093174935,21.82264662686162,23.64421215461556,22.631669033138795,25.545720756776053,169.1765449279528,166.62277828144357,170.69480711277942,60.858008876906965,57.32022528497194,63.65174211346298,57.777066049394215,46.330718225246585,65.37888574510514,4.399043465125478,3.7723924691922988,5.4577172692296445,1.1168725129775396,0.14071675187810065,2.515074181705126,0.15607281209432547,-1.0964770582978522,1.301519443606372
102,23.622926903016555,22.135140075098946,25.252271163923872,20.91726911351458,19.890206989001797,22.544462134497806,6.349401265215354,5.785299211928654,7.236649204936992,6.131121317856207,5.594916324852699,6.980929482637428,141.26282500647721,119.69659351454607,154.77274123568822,139.50824922669577,118.43058044915628,151.8538956972197,18.772074994793307,16.12985496255253,20.68745719877903,22.996947455493878,22.27623939983861,24.327066138854825,169.08283194579855,166.59099338772114,170.66178662919572,62.033606132388755,58.913618235080044,64.51579639012786,58.611888880094895,47.092119791224235,65.67980367996654,4.441520598759336,3.786685958041489,5.480720754060229,1.1753019456871903,0.1654040007696683,2.6144421752235836,0.3033247795691463,-0.9502125198346382,1.2829411900396583
103,23.392009552943804,21.771832632442678,25.000335572442935,20.74182978254244,19.645449517568863,22.353840489761417,6.333150168942414,5.827404930382445,7.134698064934511,6.115208370428869,5.637189610724567,6.883331518102064,141.34851428925555,119.51940781403161,154.8767357659182,139.5523267340651,118.40940492189043,151.98489326263206,18.427307993684188,15.818080879807539,20.127855750217535,22.42885974972709,21.896527234354835,23.274760273418757,168.99938045493155,166.5375410227736,170.65097717289854,62.3586289329985,59.76716310954468,64.76773626576897,59.110672120835794,47.707665882380596,65.75531114990099,4.479562873716802,3.79549967553503,5.510436746559243,1.3920478089703652,0.3717988257004451,2.72753958600139,0.4507458745892804,-0.7253066257560549,1.2649709212190843
104,23.28751685092332,21.539420755256433,24.844225610115203,20.69480432634687,19.52724515912386,22.25961972658041,6.2649436522862025,5.761323911825345,7.011793244718502,6.049342132686602,5.574084500376225,6.765234950815223,141.21312936121203,119.54738261236777,154.86650664836668,139.46860008710593,118.61747681682584,152.03290594446253,18.276273418169367,15.453184697129064,20.1022762383111,21.979674757627883,21.47440721621237,22.589237697063705,168.92480308213337,166.47458905024962,170.6169393826077,62.09140612850211,59.88576534576137,64.61619292135012,59.29710424016879,48.36177476264325,65.50581183428054,4.513768688009877,3.812663530694074,5.541428607039534,1.6323149086710977,0.5961910977503263,2.820598683958643,0.5954144389970344,-0.40770325485312436,1.2312021394432193
105,23.217633224252587,21.340906077253337,24.77815234228146,20.689434942851328,19.46296732843479,22.22059267858868,6.1804507463656595,5.619413585625071,6.939371924343061,5.967657044492067,5.437439903666181,6.695041323518875,140.87351910387824,119.5937676334203,154.79552715576375,139.21385542949756,118.76773956953852,152.00349103357672,18.31115228763409,15.157498408656284,20.38658422602004,21.661521214887845,21.079382761526425,22.188072925777277,168.86619164630133,166.42635577719892,170.55553168643996,61.75196812650695,59.882168622286954,64.43224912820705,59.262447016063305,48.74204491274451,65.10168674038707,4.541468592497389,3.8402011690844087,5.564434955907691,1.8192450004238743,0.697580342256138,2.8293818770279398,0.7475641056254403,0.008618699972790696,1.2020807870752033
106,23.194340736965316,21.27184910361934,24.74787670097308,20.754770677238728,19.542585391073985,22.180856275315342,6.07431134668634,5.453243323413522,6.856717165893345,5.865505747989498,5.27685814396329,6.615905100788059,140.2510037087071,119.46846211548782,154.6260939640594,138.80738869642715,118.98926078182365,151.86820562394166,18.491459830751342,14.971284652488851,20.90285022966491,21.52239396620257,20.76611745899737,22.1237095512719,168.83695084573554,166.42789285042227,170.49786167432393,61.20383290742876,59.56444944316111,63.94589351843701,59.022856099673305,49.150266178237366,64.59903361276375,4.557585153436122,3.865723740416088,5.5658849523624205,1.9533005632339422,0.7748271924078662,2.849296286885629,0.8393004978901335,0.3166408626980051,1.1752983284904757
107,23.21766578583523,21.268045179076097,24.76316818132722,20.862345390057087,19.68777268746993,22.155089923078897,5.975524802795348,5.304445857876154,6.777790831973971,5.770599492809852,5.132234350332403,6.540840566464084,139.3478382085053,119.12524332458307,154.34130888149627,138.25738435345366,119.26186577569833,151.71633719025837,18.766237677783266,14.904193106549334,21.640009100211437,21.56014774390919,20.50988884080442,22.434487061607676,168.81869579761988,166.4939494349108,170.42185853588092,60.8045350716775,58.82131016317465,63.92003167966322,58.80775904636134,49.660587738588404,63.909397049196244,4.569610295055734,3.8987875059891595,5.540099330978022,2.0833388961297716,0.812203578219248,2.8832914543955948,0.8924349424079041,0.5007943118511166,1.1446971630158673
108,23.52785364544588,21.60200680479096,25.05032358222198,21.15067398680435,20.01472744764207,22.29961660282296,5.879135132808711,5.161886315112826,6.695104979981135,5.679741980533459,4.995413355315515,6.464427942063194,138.35218146929253,118.72187087077381,154.09774669496605,137.58939828443306,119.5396060311332,151.4803488406226,19.228705278435765,15.124582634166178,22.757177727368315,21.84886801637839,20.45505671833626,23.2010870437972,168.83227719357149,166.61592674546046,170.3354330175086,59.64877706761704,57.54321204935516,62.86122975010396,57.91922120514539,49.51993134152133,62.547428287586946,4.566161630130632,3.9328262188015874,5.487803480475348,2.0828132107633808,0.8706166637743072,2.8640141878900556,0.9607512609689144,0.6701516938464651,1.1554412204439508
109,23.959044894271187,22.02945508332049,25.439680361081173,21.472499705349325,20.370956768219905,22.47981820462484,5.814167526733457,5.0433100800733115,6.606748240226336,5.620065078341057,4.88260059381648,6.383620620887351,137.32927895975354,118.30680639050951,153.86029848998174,136.88541836677155,119.88498583297007,151.17273808049677,19.80122227730833,15.533945072570289,24.094632006521245,22.34209651768109,20.556822012978056,24.314800630000544,168.84925346957905,166.7786691552766,170.26332315629782,58.250582214185826,56.11728963871195,61.21728256093152,56.88408577132576,49.237661349533056,61.21538146832496,4.559310419677308,3.9588361246238644,5.415477957435403,2.016724764617593,0.9375821033793496,2.8360056579630863,0.9730151798834069,0.7363299826632764,1.174350868438849
110,24.48126348282735,22.550818661894404,25.86894987772958,21.816960299599177,20.779531696925652,22.640231506393988,5.765011365159761,4.967074530413936,6.473055208611217,5.5759711851088145,4.81067814688727,6.2583904953439085,136.3074509653783,118.06277220706835,153.51360197308355,136.16690235064843,120.38642405416088,150.72216593876485,20.4544189997746,16.03310618923774,25.54339782830489,23.043311760947716,20.74134351904381,25.780370474445466,168.85075382088445,166.94884102147682,170.20122788979563,56.51003651952619,54.56743221178252,59.12069822947781,55.8781988231621,49.17373312022336,59.91275230281496,4.557132760194438,3.9789791086328217,5.337521613916477,1.8825847807638767,0.788190365792907,2.8404471060749708,0.9230903873968866,0.6256783898148004,1.2062148187590493
111,24.973373434792883,22.88672590218744,26.37438098003033,22.120232086144703,21.09464110678574,22.83728981106964,5.733683661207312,4.868805589934806,6.404491670460825,5.548774345163068,4.717226211630773,6.195441979460252,135.452906569332,118.10351582283116,153.10084171171303,135.4847529125897,120.94674443275164,150.12565830038164,21.13759968914245,16.533618848552194,27.065588603733588,23.86325568470319,20.985781710800023,27.420964377480686,168.84165507627756,167.0988476522304,170.1289655608223,55.096019548722325,53.331596345760445,57.32884546736692,55.122934144534725,49.20096594375721,59.06930812482881,4.5574067159024025,4.001548612468392,5.26569271234664,1.6752935930239015,0.43235915419952853,2.8207379090367146,0.8391013583074491,0.41464128440817694,1.2409026101486607
112,25.524379753960496,23.349162511055557,26.95261391414246,22.423796106843316,21.396505593514398,23.089706227084292,5.733238304908617,4.815099224093338,6.380875503523109,5.551458072863145,4.668242725092691,6.174993259498161,134.80173508054105,118.50943395360572,152.6952127925847,134.8507245227212,121.5044681898305,149.3665433863914,21.840396218600397,17.017056118489478,28.61487375239665,24.77288475907288,21.26891273810093,29.22684586308528,168.82178922141634,167.19849470093044,170.04173521784602,53.57310959854081,52.024617279565916,55.456279687528244,54.396425671960415,49.25269871098426,58.23777140607936,4.560279304113826,4.0283201349078315,5.2123414080051935,1.4536620643299198,0.07905377452478474,2.7941765925956865,0.7027880639803298,0.1357871149251511,1.1933511930990155
113,25.606283787844987,23.379791461482906,27.10491433543509,22.30805145745132,21.343599569576728,22.919982514798534,5.769944567790388,4.8325796194102475,6.4051044294629245,5.588183871906852,4.686298802463421,6.198591533204814,134.14089016086356,118.88202596639442,152.21156343563263,134.1900474273016,121.85330744420602,148.65844454819077,22.34943631692579,17.222615404266268,29.880717436631958,25.53598811040822,21.353946464355452,30.896101257415157,168.76604890926353,167.21606196142875,169.94491735904808,54.09574599007938,52.421464607597926,56.173909181933595,55.09618838116503,50.83138586379126,58.78258227853078,4.5820077613714005,4.063427721938252,5.198181718020098,1.3819815230176187,-0.06488062347422976,2.8383576428134107,0.5536513210896588,-0.20491036372313734,1.1594514774241123
114,25.42415221395618,23.199462319825066,27.019336411432747,22.033581492669775,21.120010798693002,22.60691475120794,5.794713202902541,4.901179927832552,6.40428790382789,5.611951300156921,4.7536835672784035,6.1957007956710735,133.66059781715046,119.38746231931052,151.91213280483956,133.67163827722146,122.10073080471862,148.24767766088175,22.692101793402806,17.181350821464516,30.876165163188038,26.111208017425717,21.267667073374803,32.38949068776063,168.7169530309642,167.18250392674125,169.87896006741062,55.56892119821385,53.72217435924192,58.396509561032474,56.63111133344122,53.13552810647026,59.94185525194263,4.604269528906131,4.0892632622209,5.210074500249084,1.422507767176113,-0.036521025034201626,2.8804621349951995,0.42806854856815757,-0.5351599861367642,1.1363520635236946
115,25.09852181102223,22.928663000809372,26.754169614541382,21.694338709981718,20.841837630842356,22.250050732832634,5.82379629078963,5.019276435925072,6.402003498749191,5.639349597207367,4.869009205459993,6.191404605518848,133.34218559750596,119.73952899356203,151.8905527592518,133.2850295931842,122.14513688985309,148.20735192489582,22.869135715303948,16.99014394253546,31.568100643908593,26.474633092833905,21.08726966262383,33.61810262881624,168.6954969042502,167.1211960188329,169.86916997914727,57.63918839057003,55.186901057195406,61.39750901612403,58.4813265290748,55.70066866998525,61.1860755971638,4.61794843427569,4.094945884082726,5.238301346753991,1.573522855508567,0.12577798123268114,2.899560090240656,0.3305862409592919,-0.7832531793013648,1.1070730731851768
116,24.705078507260183,22.77115272018861,26.29179098067982,21.329312136993583,20.601766891426642,21.813370359609827,5.857307610745665,5.225712134986999,6.323108488273573,5.670795298203913,5.070284625719499,6.112148418354322,133.04639367790202,119.83175845801159,152.12260525899381,132.97631604281315,122.0336522386013,148.53991997808242,22.929979566351868,16.739737375774762,32.009529200253766,26.67877011217602,20.841405485653667,34.69534303367386,168.67628363163692,167.0338753717686,169.91660778124768,59.85807812049757,56.512285047553405,64.96743392348736,60.33650524976881,58.21573972377455,62.46216070801138,4.633581233471979,4.079911695330184,5.2815092891291435,1.8812297076652493,0.49667914189015616,3.185931244446957,0.26394377713058104,-0.9221872004414176,1.080654251363347
117,24.149071252371247,22.424638973269385,25.620932252290313,20.881295582054,20.288277055365032,21.28290814244816,5.869526507332163,5.43176463690736,6.1799557860609,5.681179999796603,5.270574242929787,5.96999962257537,132.8150902945677,119.77092055269597,152.52817875209604,132.76729722732844,121.86517687959854,149.18941337053536,22.86675745818118,16.36929374419691,32.22605574443048,26.724576440763624,20.508721322526355,35.55388202791061,168.67170273689052,166.94775984055897,170.0181218415635,62.558220226074184,58.40243121861233,69.10725790436084,62.528880564797674,61.082631288474936,63.994634634949584,4.645918222010649,4.045442499955664,5.328641321328473,2.256508590273326,0.932332631701071,3.4676002399112176,0.2513277095901473,-0.9636400940348178,1.1415620210649737
118,23.59306399748232,22.078125226350167,24.950073523900812,20.433279027114423,19.97478721930342,20.7524459252865,5.881745403918665,5.637817138827722,6.036803083848226,5.6915647013892965,5.470863860140077,5.82785082679642,132.5837869112334,119.71008264738042,152.9337522451983,132.5582784118438,121.69670152059577,149.83890676298842,22.8035353500105,15.998850112619056,32.44258228860722,26.77038276935124,20.17603715939905,36.41242102214737,168.66712184214416,166.86164430934934,170.1196359018794,65.2583623316508,60.292577389671266,73.24708188523434,64.72125587982653,63.949522853175324,65.52710856188779,4.658255210549321,4.010973304581146,5.375773353527807,2.6317874728814026,1.3679861215119857,3.749269235375478,0.23871164204971354,-1.0050929876282182,1.202469790766601
